"""SNIGLAR - &lt;b&gt;Armoire&lt;/b&gt;\, hêtre/blanc\, 81x50x163 cm"" ";armoire;IKEA;"79,00 &#8364;"
"""&lt;b&gt;Armoire&lt;/b&gt; Casa 2 portes 2 tiroirs avec Miroir Blanc"" ";armoire;"dans 2 magasins";"199,99 &#8364;"
"""&lt;b&gt;Armoire&lt;/b&gt; à portes battantes Case III"" ";armoire;Home24;"199,99 &#8364;"
"""Varia &lt;b&gt;Armoire&lt;/b&gt; de Chambre Style contemporain Blanc - L 97 cm"" ";armoire;"dans 3 magasins";"99,99 &#8364;"
"""Aucune Elena &lt;b&gt;Armoire&lt;/b&gt; de Chambre Style contemporain Décor chene canadie"" ";armoire;"auprès de plus de 5 marchands";"149,99 &#8364;"
"""&lt;b&gt;Armoire&lt;/b&gt; à portes coulissantes Subito"" ";armoire;Home24;"279,99 &#8364;"
"""Jupiter &lt;b&gt;Armoire&lt;/b&gt; de chambre style contemporain en bois aggloméré ..."" ";armoire;cdiscount.com;"299,99 &#8364;"
"""Demeyere - Lingere 2 portes 2 tiroirs Laud"" ";armoire;"dans 3 magasins";"79,99 &#8364;"
"""KVIKNE - &lt;b&gt;Armoire&lt;/b&gt; 2 portes coulissantes\, blanc\, 120x190 cm"" ";armoire;IKEA;"129,00 &#8364;"
"""&lt;b&gt;Armoire&lt;/b&gt; penderie MINOTOR 2 portes avec miroir blanc"" ";armoire;Mobistoxx;"148,89 &#8364;"
"""&lt;b&gt;Armoire&lt;/b&gt; Strip Blanc Casse"" ";armoire;Sklum.com;"457,05 &#8364;"
"""Space &lt;b&gt;Armoire&lt;/b&gt; de Chambre 78 cm - Blanc - &lt;b&gt;Armoire&lt;/b&gt; bébé"" ";armoire;"dans 4 magasins";"79,99 &#8364;"
"""&lt;b&gt;Armoire&lt;/b&gt; Yash"" ";armoire;Sklum.com;"819,70 &#8364;"
"""&lt;b&gt;Armoire&lt;/b&gt; Heb"" ";armoire;Sklum.com;"526,81 &#8364;"
"""&lt;b&gt;Armoire&lt;/b&gt; enfant contemporaine blanche Alexane"" ";armoire;Matelpro.com;"344,20 &#8364;"
"""Finlandek &lt;b&gt;Armoire&lt;/b&gt; de chambre Ulos style contemporain blanc L 170,3 cm"" ";armoire;cdiscount.com;"199,99 &#8364;"
"""&lt;b&gt;Armoire&lt;/b&gt; Style industriel Graphite Work"" ";armoire;"Les Tendances";"295,92 &#8364;"
"""Finlandek &lt;b&gt;Armoire&lt;/b&gt; de Chambre Selkeä 121 cm - Décor chene sonoma"" ";armoire;"dans 4 magasins";"179,99 &#8364;"
"""Finlandek &lt;b&gt;Armoire&lt;/b&gt; de Chambre siisti 180 cm - Blanc et Décor chene ..."" ";armoire;"auprès de plus de 5 marchands";"249,99 &#8364;"
"""Finlandek &lt;b&gt;Armoire&lt;/b&gt; de Chambre selkea 121 cm - Blanc brillant - &lt;b&gt;armoires&lt;/b&gt;"" ";armoire;"auprès de plus de 5 marchands";"199,99 &#8364;"
"Armoire avec façade";armoire;Soburo;" 333,68 €"
"Armoire avec façade";armoire;Soburo;" 293,20 €"
"Armoire avec façade";armoire;"La Redoute";" 426,59 €"
"Armoire avec façade";armoire;Home24;" 299,99 €"
"Armoire avec façade";armoire;BUT;" 389,99 €"
"Armoire avec façade";armoire;Ubaldi;" 846 €"
"Armoire avec façade";armoire;IDMarket.com;" 31,79 €"
"Armoire avec façade";armoire;IDMarket.com;" 31,79 €"
"Armoire avec façade";armoire;IDMarket.com;" 31,79 €"
"Armoire avec façade";armoire;"Azura Home Design";" 474,60 €"
"Armoire avec façade";armoire;Euroreca;" 821,03 €"
"Armoire avec façade";armoire;ChambreKids;" 351 €"
"Armoire avec façade";armoire;Home24;" 299,99 €"
"Armoire avec façade";armoire;Planete-Cocoon;" 585,52 €"
"Armoire avec façade";armoire;Maisonetstyles;" 139 €"
"Armoire avec façade";armoire;So-inside.com;" 438,02 €"
"Armoire avec façade";armoire;Home24;" 329,99 €"
"Armoire avec façade";armoire;Maisonetstyles;" 149 €"
"Armoire avec façade";armoire;"Equipement CHR";" 1 569,66 €"
"Armoire avec façade";armoire;ProSignalisation;" 2 695,20 €"
"Armoire avec façade";armoire;SETAM;" 376,80 €"
"Armoire avec façade";armoire;Alinéa;" 474 €"
"Armoire avec façade";armoire;Produitinterieurbrut.com;" 295 €"
"Armoire avec façade";armoire;"La Maison Plus";" 473,14 €"
"Armoire avec façade";armoire;Ubaldi;" 636 €"
"Armoire avec façade";armoire;Euroreca;" 2 641,37 €"
"Armoire avec façade";armoire;Ubaldi;" 604 €"
"Armoire avec façade";armoire;Ubaldi;" 316 €"
"Armoire avec façade";armoire;Ubaldi;" 520 €"
"Armoire avec façade";armoire;Maisonetstyles;" 149 €"
"Armoire avec façade";armoire;"La Maison Plus";" 2 167,36 €"
"Armoire avec façade";armoire;Home24;" 89,99 €"
"Armoire avec façade";armoire;Home24;" 359,99 €"
"Armoire avec façade";armoire;Cémonjardin;" 145,30 €"
"Armoire avec façade";armoire;Provost;" 664,19 €"
"Armoire avec façade";armoire;Provost;" 511,70 €"
"Armoire avec façade";armoire;Maisonetstyles;" 155 €"
"Armoire avec façade";armoire;Rolleco.fr;" 288,82 €"
"Armoire avec façade";armoire;"Ma chambre d enfant.com";" 838,15 €"
